name,bus,P1,Q1,P2,Q2,P3,Q3
 ,d5746546-1_int,0.0,0.0,0.0,0.0,0.0,0.0
21387929c0b,l2935551,0.0,0.0,0.0,0.0,6.1000000000000005,1.53
 ,m1089173,0.0,0.0,0.0,0.0,0.0,0.0
 ,m1089174,0.0,0.0,0.0,0.0,0.0,0.0
 ,l2879062,0.0,0.0,0.0,0.0,6.1000000000000005,1.5299999999999998
 ,l2673307,0.0,0.0,0.0,0.0,6.1000000000000005,1.53
