name,bus,P1,Q1,P2,Q2,P3,Q3
 ,hvmv69sub1_hsb,0.0,0.0,0.0,0.0,0.0,0.0
 ,hvmv11sub1_lsb,0.0,0.0,0.0,0.0,0.0,0.0
 ,hvmv_sub1_48332,0.0,0.0,0.0,0.0,0.0,0.0
 ,d5710794-3_int,0.0,0.0,0.0,0.0,0.0,0.0
 ,regxfmr_hvmv11sub1_lsb,0.0,0.0,0.0,0.0,0.0,0.0
 ,area_3area_4,0.0,0.0,0.0,0.0,0.0,0.0
 ,area_4area_5,1037.3400000000624,259.97000000001566,984.620000000053,246.81000000003337,1149.4000000001972,288.0800000000304
