name,bus,P1,Q1,P2,Q2,P3,Q3
 ,hvmv69sub1_hsb,0.0,0.0,0.0,0.0,0.0,0.0
 ,hvmv11sub1_lsb,0.0,0.0,0.0,0.0,0.0,0.0
 ,hvmv_sub1_48332,0.0,0.0,0.0,0.0,0.0,0.0
 ,d5710794-3_int,0.0,0.0,0.0,0.0,0.0,0.0
 ,regxfmr_hvmv11sub1_lsb,0.0,0.0,0.0,0.0,0.0,0.0
 ,area_3area_4,0.0,0.0,0.0,0.0,0.0,0.0
 ,area_4area_5,4070.84000000022,1139.1200000000613,4150.2200000012845,1148.570000000381,4015.6700000003307,1134.090000000269
