name,bus,P1,Q1,P2,Q2,P3,Q3
 ,f739842,0.0,0.0,0.0,0.0,0.0,0.0
 ,l0247162,0.0,0.31624264459846324,7.104970578393853,1.7762426445984631,0.0,0.31624264459846324
 ,area_77area_78,0.0,0.0,0.0,0.0,0.0,0.0
