name,bus,P1,Q1,P2,Q2,P3,Q3
 ,f739842,0.0,0.0,0.0,0.0,0.0,0.0
 ,l0247162,0.0,0.195173849319107,6.620695397276428,1.655173849319107,0.0,0.195173849319107
 ,area_77area_78,0.0,0.0,0.0,0.0,0.0,0.0
