name,bus,P1,Q1,P2,Q2,P3,Q3
 ,hvmv69sub2_hsb,0.0,0.0,0.0,0.0,0.0,0.0
 ,hvmv11sub2_lsb,0.0,0.0,0.0,0.0,0.0,0.0
 ,regxfmr_hvmv11sub2_lsb,0.0,0.0,0.0,0.0,0.0,0.0
 ,area_7area_8,0.0,0.0,0.0,0.0,0.0,0.0
 ,area_8area_9,1228.7300000000637,426.7,1499.8300000001482,484.3100000000285,1748.5200000001812,565.9200000000309
