name,bus,P1,Q1,P2,Q2,P3,Q3
 ,m1069-mt1,0.0,0.0,0.0,0.0,0.0,0.0
 ,area_1area_25,0.0,0.0,0.0,0.0,0.0,0.0
 ,area_25area_24,576.5,144.5,817.2600000000798,204.87000000003476,1092.2900000000936,273.7900000000349
