name,bus,P1,Q1,P2,Q2,P3,Q3
 ,e182726,0.0,0.0,0.0,0.0,0.0,0.0
2127319b0b,l2766744,0.0,0.19577561863869314,10.510695397276429,2.6357756186386934,0.0,0.19577561863869314
 ,m1027038,0.0,0.0,0.0,0.0,0.0,0.0
 ,l2731712,0.0,0.19577561863869314,10.510695397276429,2.6357756186386934,0.0,0.19577561863869314
 ,m1027036,0.0,0.0,0.0,0.0,0.0,0.0
 ,l3010580,0.0,0.195173849319107,6.620695397276428,1.655173849319107,0.0,0.195173849319107
 ,l2785543,0.0,0.19577561863869314,10.510695397276429,2.6357756186386934,0.0,0.19577561863869314
 ,area_63area_70,0.0,0.0,0.0,0.0,0.0,0.0
