name,bus,P1,Q1,P2,Q2,P3,Q3
 ,e182726,0.0,0.0,0.0,0.0,0.0,0.0
2127319b0b,l2766744,0.0,0.3987213243069972,11.31998298586356,2.8387213243069973,0.0,0.3987213243069972
 ,m1027038,0.0,0.0,0.0,0.0,0.0,0.0
 ,l2731712,0.0,0.3987213243069972,11.31998298586356,2.8387213243069973,0.0,0.3987213243069972
 ,m1027036,0.0,0.0,0.0,0.0,0.0,0.0
 ,l3010580,0.0,0.39749574646588964,7.429982985863559,1.8574957464658897,0.0,0.39749574646588964
 ,l2785543,0.0,0.3987213243069972,11.31998298586356,2.8387213243069973,0.0,0.3987213243069972
 ,area_63area_70,0.0,0.0,0.0,0.0,0.0,0.0
