name,bus,P1,Q1,P2,Q2,P3,Q3
 ,m1142-lng1,0.0,0.0,0.0,0.0,0.0,0.0
 ,area_1area_61,0.0,0.0,0.0,0.0,0.0,0.0
 ,area_61area_60,186.23000000000394,46.68000000000099,163.46000000000424,40.96000000000107,293.9100000000138,73.6600000000035
