line,Pija,Pijb,Pijc,Qija,Qijb,Qijc,status
"('area_1', 'area_2')",1408.089999999558,950.3499999995497,1153.0999999995438,747.2999999995385,570.9899999995082,613.709999999521,1.0
"('area_2', 'area_4')",767.4499999996478,593.419999999649,629.3599999996513,412.3399999996616,339.56999999964296,326.81999999964296,1.0
"('area_2', 'area_3')",281.41999999991,274.90999999990066,200.1199999998925,155.35999999987683,190.40999999986522,125.07999999987801,1.0
"('area_4', 'area_5')",563.5999999997439,421.2999999997555,456.0199999997567,287.1099999997531,248.3499999997438,244.0399999997461,1.0
"('area_5', 'area_6')",141.56999999987602,79.99999999986903,99.99999999986903,70.77999999989696,39.99999999989813,49.99999999989812,1.0
"('area_4', 'area_7')",0.0,0.0,0.0,0.0,0.0,0.0,1.0
"('area_3', 'area_6')",0.0,0.0,0.0,1.0304290753992973e-10,1.0187051202592556e-10,1.0187761745328316e-10,-0.0
