name,bus,P1,Q1,P2,Q2,P3,Q3
 ,f739845,0.0,0.0,0.0,0.0,0.0,0.0
293471c0b,293471,9.650695397276428,2.4218985320937017,10.510695397276429,2.637720568937637,10.950695397276428,2.7481411459275567
293471c0b,area_9area_62,0.0,0.0,0.0,0.0,0.0,0.0
