name,bus,P1,Q1,P2,Q2,P3,Q3
 ,f739845,0.0,0.0,0.0,0.0,0.0,0.0
293471c0b,293471,10.134970578393853,2.5434302250957113,10.994970578393854,2.759252261939646,11.434970578393854,2.869672838929566
293471c0b,area_9area_62,0.0,0.0,0.0,0.0,0.0,0.0
