name,element,length_unit,z_matrix_real,z_matrix_imag,length,from_bus,to_bus,num_phases,phases,is_switch,is_open,base_kv_LL,line_unit
293471,line,3.0,"[[1.6834002150542942, 0.13832407098648414, 0.14266862992239476], [0.13832407098648414, 1.67685640420731, 0.13929421602661765], [0.14266862992239476, 0.13929421602661765, 1.685430148312288]]","[[0.9272999605569422, 0.4326227159113597, 0.4122526718081957], [0.4326227159113597, 0.9327275664266949, 0.4504694180294323], [0.4122526718081957, 0.4504694180294323, 0.9256370578758736]]",0.03048,f739845,293471,3,"{'b', 'c', 'a'}",False,False,12.47,
area_9area_62_f739845,line,,"[[0.001, 0.0, 0.0], [0.0, 0.001, 0.0], [0.0, 0.0, 0.001]]","[[0.001, 0.0, 0.0], [0.0, 0.001, 0.0], [0.0, 0.0, 0.001]]",0.001,area_9area_62,f739845,3,"{'c', 'a', 'b'}",False,False,12.47,3.0
