name,bus,P1,Q1,P2,Q2,P3,Q3
 ,hvmv115_hsb2,0.0,0.0,0.0,0.0,0.0,0.0
 ,regxfmr_hvmv69sub1_lsb1,0.0,0.0,0.0,0.0,0.0,0.0
 ,area_1area_2,0.0,0.0,0.0,0.0,0.0,0.0
 ,area_2area_3,4070.8400000011757,1139.1200000000558,4150.220000001433,1148.5700000003799,4015.670000000846,1134.090000000244
