name,bus,P1,Q1,P2,Q2,P3,Q3
 ,hvmv115_hsb2,0.0,0.0,0.0,0.0,0.0,0.0
 ,regxfmr_hvmv69sub1_lsb1,0.0,0.0,0.0,0.0,0.0,0.0
 ,area_1area_2,0.0,0.0,0.0,0.0,0.0,0.0
 ,area_2area_3,4070.84000000034,1139.1200000000947,4150.220000001406,1148.570000000415,4015.6700000004475,1134.090000000302
