name,element,length_unit,z_matrix_real,z_matrix_imag,length,from_bus,to_bus,num_phases,phases,is_switch,is_open,base_kv_LL,line_unit
ln5502532-1,line,3.0,"[[0.27001903752089, 0.10995066546782976, 0.11353849004463121], [0.10995066546782976, 0.26463373510779326, 0.11074699310270611], [0.11353849004463121, 0.11074699310270611, 0.27169827938724384]]","[[0.6959739725759837, 0.3335097859867847, 0.3082706578745229], [0.3335097859867847, 0.7087291002604086, 0.350258520418522], [0.3082706578745229, 0.350258520418522, 0.6920213416170083]]",0.005820451,d5472350-1_int,190-7361,3,"{'b', 'c', 'a'}",False,False,12.47,
ln6138608-2,line,3.0,"[[0.27001903752089, 0.10995066546782975, 0.1135384900446312], [0.10995066546782975, 0.2646337351077933, 0.11074699310270608], [0.1135384900446312, 0.11074699310270608, 0.2716982793872438]]","[[0.6959739725759836, 0.3335097859867847, 0.30827065787452285], [0.3335097859867847, 0.7087291002604085, 0.35025852041852196], [0.30827065787452285, 0.35025852041852196, 0.6920213416170081]]",0.004597065,regxfmr_190-7361,q14404,3,"{'b', 'c', 'a'}",False,False,12.47,
vreg4_a,transformer,0.0,"[[0.001, 0, 0], [0, 0, 0], [0, 0, 0]]","[[0.001, 0, 0], [0, 0, 0], [0, 0, 0]]",0.001,190-7361,regxfmr_190-7361,1,{'a'},False,False,12.47,
vreg4_b,transformer,0.0,"[[0, 0, 0], [0, 0.001, 0], [0, 0, 0]]","[[0, 0, 0], [0, 0.001, 0], [0, 0, 0]]",0.001,190-7361,regxfmr_190-7361,1,{'b'},False,False,12.47,
vreg4_c,transformer,0.0,"[[0, 0, 0], [0, 0, 0], [0, 0, 0.001]]","[[0, 0, 0], [0, 0, 0], [0, 0, 0.001]]",0.001,190-7361,regxfmr_190-7361,1,{'c'},False,False,12.47,
area_19area_20_d5472350-1_int,line,,"[[0.001, 0.0, 0.0], [0.0, 0.001, 0.0], [0.0, 0.0, 0.001]]","[[0.001, 0.0, 0.0], [0.0, 0.001, 0.0], [0.0, 0.0, 0.001]]",0.001,area_19area_20,d5472350-1_int,3,"{'b', 'c', 'a'}",False,False,12.47,3.0
q14404_area_20area_21,line,,"[[0.001, 0.0, 0.0], [0.0, 0.001, 0.0], [0.0, 0.0, 0.001]]","[[0.001, 0.0, 0.0], [0.0, 0.001, 0.0], [0.0, 0.0, 0.001]]",0.001,q14404,area_20area_21,3,"{'b', 'c', 'a'}",False,False,12.47,3.0
