name,bus,P1,Q1,P2,Q2,P3,Q3
 ,hvmv69s2s3_1,0.0,0.0,0.0,0.0,0.0,0.0
 ,hvmv69s2s3_2,0.0,0.0,0.0,0.0,0.0,0.0
 ,area_11area_10,0.0,0.0,0.0,0.0,0.0,0.0
 ,area_10area_7,1228.7300000000719,426.7,1499.830000000158,484.31000000003166,1748.5200000001928,565.9200000000346
