name,bus,P1,Q1,P2,Q2,P3,Q3
 ,hvmv69s2s3_1,0.0,0.0,0.0,0.0,0.0,0.0
 ,hvmv69s2s3_2,0.0,0.0,0.0,0.0,0.0,0.0
 ,area_7area_10,0.0,0.0,0.0,0.0,0.0,0.0
 ,area_10area_11,1804.7700000001696,452.45,1665.7700000005027,417.45,1117.750000000154,280.09000000009837
