name,element,length_unit,z_matrix_real,z_matrix_imag,length,from_bus,to_bus,num_phases,phases,is_switch,is_open,base_kv_LL,line_unit
hvmv69s2s3-1,line,3.0,"[[0.2629297227684913, 0.09320795442624319, 0.09892383197611371], [0.09320795442624319, 0.26998022534271665, 0.10313503534427382], [0.09892383197611371, 0.10313503534427382, 0.2833581925644901]]","[[0.7519319350460741, 0.32199862853911054, 0.27405580104617555], [0.32199862853911054, 0.7343106370560755, 0.2978494133227139], [0.27405580104617555, 0.2978494133227139, 0.702036475272149]]",4.5,hvmv69s2s3_2,hvmv69s2s3_1,3,"{'b', 'c', 'a'}",False,False,69.0,
area_11area_10_hvmv69s2s3_2,line,,"[[0.001, 0.0, 0.0], [0.0, 0.001, 0.0], [0.0, 0.0, 0.001]]","[[0.001, 0.0, 0.0], [0.0, 0.001, 0.0], [0.0, 0.0, 0.001]]",0.001,area_11area_10,hvmv69s2s3_2,3,"{'a', 'c', 'b'}",False,False,12.47,3.0
hvmv69s2s3_1_area_10area_7,line,,"[[0.001, 0.0, 0.0], [0.0, 0.001, 0.0], [0.0, 0.0, 0.001]]","[[0.001, 0.0, 0.0], [0.0, 0.001, 0.0], [0.0, 0.0, 0.001]]",0.001,hvmv69s2s3_1,area_10area_7,3,"{'a', 'c', 'b'}",False,False,12.47,3.0
