name,bus,P1,Q1,P2,Q2,P3,Q3
 ,hvmv69sub2_lnb,0.0,0.0,0.0,0.0,0.0,0.0
 ,area_10area_7,0.0,0.0,0.0,0.0,0.0,0.0
 ,area_7area_8,1228.7300000000719,426.7,1499.830000000158,484.3100000000316,1748.5200000001928,565.9200000000346
