name,bus,P1,Q1,P2,Q2,P3,Q3
 ,hvmv69sub2_lnb,0.0,0.0,0.0,0.0,0.0,0.0
 ,area_6area_7,0.0,0.0,0.0,0.0,0.0,0.0
 ,area_7area_8,1228.7300000000719,426.7,1499.8300000001577,484.31000000003166,1748.5200000001926,565.9200000000346
 ,area_7area_10,1804.7700000007403,452.45,1665.770000000926,417.4500000002364,1117.750000000154,280.0900000000984
