name,bus,P1,Q1,P2,Q2,P3,Q3
 ,hvmv69sub2_lnb,0.0,0.0,0.0,0.0,0.0,0.0
 ,area_6area_7,0.0,0.0,0.0,0.0,0.0,0.0
 ,area_7area_8,1228.730000000072,426.7,1499.830000000158,484.3100000000316,1748.5200000001928,565.9200000000346
 ,area_7area_10,1804.7700000002164,452.45,1665.770000000546,417.45,1117.7500000001828,280.09000000010565
