name,bus,P1,Q1,P2,Q2,P3,Q3
 ,e182744,0.0,0.0,0.0,0.0,0.0,0.0
 ,l2801895,0.0,0.3172176990011306,10.994970578393854,2.757217699001131,0.0,0.3172176990011306
 ,area_68area_79,0.0,0.0,0.0,0.0,0.0,0.0
