name,bus,P1,Q1,P2,Q2,P3,Q3
 ,e182744,0.0,0.0,0.0,0.0,0.0,0.0
 ,l2801895,0.0,0.19577561863869314,10.510695397276429,2.6357756186386934,0.0,0.19577561863869314
 ,area_68area_79,0.0,0.0,0.0,0.0,0.0,0.0
