name,bus,P1,Q1,P2,Q2,P3,Q3
 ,f739844,0.0,0.0,0.0,0.0,0.0,0.0
247171b0b,l0247171,0.0,0.31624264459846324,7.104970578393853,1.7762426445984631,0.0,0.31624264459846324
247171b0b,area_77area_81,0.0,0.0,0.0,0.0,0.0,0.0
