name,bus,P1,Q1,P2,Q2,P3,Q3
 ,d5587291-3_int,0.0,0.0,0.0,0.0,0.0,0.0
 ,190-8581,0.0,0.0,0.0,0.0,0.0,0.0
 ,l2692635,0.0,0.0,0.0,0.0,0.0,0.0
 ,regxfmr_190-8581,0.0,0.0,0.0,0.0,0.0,0.0
 ,area_42area_41,0.0,0.0,0.0,0.0,0.0,0.0
 ,area_41area_39,3081.3900000000776,891.1400000000225,3193.81000000008,908.840000000224,3008.6600000007857,881.6900000000963
