name,element,length_unit,z_matrix_real,z_matrix_imag,length,from_bus,to_bus,num_phases,phases,is_switch,is_open,base_kv_LL,line_unit
ln5587291-3,line,3.0,"[[0.27001903752089, 0.10995066546782976, 0.1135384900446312], [0.10995066546782976, 0.26463373510779326, 0.1107469931027061], [0.1135384900446312, 0.1107469931027061, 0.2716982793872438]]","[[0.6959739725759837, 0.3335097859867847, 0.3082706578745229], [0.3335097859867847, 0.7087291002604086, 0.350258520418522], [0.3082706578745229, 0.350258520418522, 0.6920213416170082]]",0.008351653,190-8581,d5587291-3_int,3,"{'b', 'c', 'a'}",False,False,12.47,
ln5587295-1,line,3.0,"[[0.27001903752089, 0.10995066546782975, 0.1135384900446312], [0.10995066546782975, 0.26463373510779326, 0.1107469931027061], [0.1135384900446312, 0.1107469931027061, 0.2716982793872438]]","[[0.6959739725759836, 0.3335097859867847, 0.3082706578745229], [0.3335097859867847, 0.7087291002604085, 0.35025852041852196], [0.3082706578745229, 0.35025852041852196, 0.6920213416170082]]",0.00843879,l2692635,regxfmr_190-8581,3,"{'b', 'c', 'a'}",False,False,12.47,
vreg3_a,transformer,0.0,"[[0.001, 0, 0], [0, 0, 0], [0, 0, 0]]","[[0.001, 0, 0], [0, 0, 0], [0, 0, 0]]",0.001,regxfmr_190-8581,190-8581,1,{'a'},False,False,12.47,
vreg3_b,transformer,0.0,"[[0, 0, 0], [0, 0.001, 0], [0, 0, 0]]","[[0, 0, 0], [0, 0.001, 0], [0, 0, 0]]",0.001,regxfmr_190-8581,190-8581,1,{'b'},False,False,12.47,
vreg3_c,transformer,0.0,"[[0, 0, 0], [0, 0, 0], [0, 0, 0.001]]","[[0, 0, 0], [0, 0, 0], [0, 0, 0.001]]",0.001,regxfmr_190-8581,190-8581,1,{'c'},False,False,12.47,
area_42area_41_l2692635,line,,"[[0.001, 0.0, 0.0], [0.0, 0.001, 0.0], [0.0, 0.0, 0.001]]","[[0.001, 0.0, 0.0], [0.0, 0.001, 0.0], [0.0, 0.0, 0.001]]",0.001,area_42area_41,l2692635,3,"{'a', 'c', 'b'}",False,False,12.47,3.0
d5587291-3_int_area_41area_39,line,,"[[0.001, 0.0, 0.0], [0.0, 0.001, 0.0], [0.0, 0.0, 0.001]]","[[0.001, 0.0, 0.0], [0.0, 0.001, 0.0], [0.0, 0.0, 0.001]]",0.001,d5587291-3_int,area_41area_39,3,"{'a', 'c', 'b'}",False,False,12.47,3.0
