name,bus,P1,Q1,P2,Q2,P3,Q3
 ,e206210,0.0,0.0,0.0,0.0,0.0,0.0
 ,m1069225,0.0,0.0,0.0,0.0,0.0,0.0
302860c0b,l3122819,0.0,0.1959412432220655,0.0,0.1959412432220655,16.040695397276426,4.025941243222065
 ,n1139544,0.0,0.0,0.0,0.0,0.0,0.0
 ,l2897776,0.0,0.19574958338789492,0.0,0.19574958338789492,10.950695397276428,2.745749583387895
302859c0b,l3254215,0.0,0.1958137635791697,0.0,0.1958137635791697,6.880695397276428,1.72581376357917
302859c0b,area_24area_66,0.0,0.0,0.0,0.0,0.0,0.0
