name,bus,P1,Q1,P2,Q2,P3,Q3
 ,e206210,0.0,0.0,0.0,0.0,0.0,0.0
 ,m1069225,0.0,0.0,0.0,0.0,0.0,0.0
302860c0b,l3122819,0.0,0.3174860625981951,0.0,0.3174860625981951,16.52497057839385,4.147486062598195
 ,n1139544,0.0,0.0,0.0,0.0,0.0,0.0
 ,l2897776,0.0,0.31717551375657077,0.0,0.31717551375657077,11.434970578393854,2.8671755137565706
302859c0b,l3254215,0.0,0.31727950572829433,0.0,0.31727950572829433,7.364970578393852,1.8472795057282945
302859c0b,area_24area_66,0.0,0.0,0.0,0.0,0.0,0.0
