name,bus,P1,Q1,P2,Q2,P3,Q3
 ,m1209-dies1,0.0,0.0,0.0,0.0,0.0,0.0
 ,area_1area_57,0.0,0.0,0.0,0.0,0.0,0.0
 ,area_57area_56,262.510000000057,65.79000000001416,175.0900000000001,43.9,432.2200000001343,108.33000000003368
