name,bus,P1,Q1,P2,Q2,P3,Q3
 ,m1089-lng1,0.0,0.0,0.0,0.0,0.0,0.0
 ,area_1area_52,0.0,0.0,0.0,0.0,0.0,0.0
 ,area_52area_51,771.2800000000923,193.31000000002058,735.5900000000732,184.39000000001963,539.2,135.13000000001307
