name,bus,P1,Q1,P2,Q2,P3,Q3
 ,f739841,0.0,0.0,0.0,0.0,0.0,0.0
247160b0b,l0247160,0.0,0.195173849319107,6.620695397276428,1.655173849319107,0.0,0.195173849319107
247160b0b,area_77area_80,0.0,0.0,0.0,0.0,0.0,0.0
