name,bus,P1,Q1,P2,Q2,P3,Q3
 ,f739841,0.0,0.0,0.0,0.0,0.0,0.0
247160b0b,l0247160,0.0,0.31624264459846324,7.104970578393853,1.7762426445984631,0.0,0.31624264459846324
247160b0b,area_77area_80,0.0,0.0,0.0,0.0,0.0,0.0
