name,bus,P1,Q1,P2,Q2,P3,Q3
 ,d5746546-1_int,0.0,0.0,0.0,0.0,0.0,0.0
 ,l2935551,0.0,0.19581376357916963,0.0,0.19581376357916963,6.880695397276428,1.7258137635791695
 ,m1089173,0.0,0.0,0.0,0.0,0.0,0.0
 ,m1089174,0.0,0.0,0.0,0.0,0.0,0.0
21385192c0b,l2879062,0.0,0.1958137635791696,0.0,0.1958137635791696,6.880695397276429,1.7258137635791695
 ,l2673307,0.0,0.19581376357916963,0.0,0.19581376357916963,6.880695397276429,1.7258137635791697
 ,area_54area_53,0.0,0.0,0.0,0.0,0.0,0.0
