name,bus,P1,Q1,P2,Q2,P3,Q3
 ,d5746546-1_int,0.0,0.0,0.0,0.0,0.0,0.0
 ,l2935551,0.0,0.3172795057282943,0.0,0.3172795057282943,7.364970578393853,1.8472795057282942
 ,m1089173,0.0,0.0,0.0,0.0,0.0,0.0
 ,m1089174,0.0,0.0,0.0,0.0,0.0,0.0
21385192c0b,l2879062,0.0,0.31727950572829416,0.0,0.31727950572829416,7.364970578393853,1.8472795057282938
 ,l2673307,0.0,0.3172795057282943,0.0,0.3172795057282943,7.364970578393853,1.8472795057282942
 ,area_54area_53,0.0,0.0,0.0,0.0,0.0,0.0
