name,bus,P1,Q1,P2,Q2,P3,Q3
 ,d5860423-3_int,0.0,0.0,0.0,0.0,0.0,0.0
 ,190-8593,0.0,0.0,0.0,0.0,0.0,0.0
 ,m1047575,0.0,0.0,0.0,0.0,0.0,0.0
 ,regxfmr_190-8593,0.0,0.0,0.0,0.0,0.0,0.0
 ,area_37area_36,0.0,0.0,0.0,0.0,0.0,0.0
 ,area_36area_35,2893.3700000005183,844.0,2740.4400000002056,795.2,2815.4200000005994,833.280000000044
