name,bus,P1,Q1,P2,Q2,P3,Q3
 ,d5860423-3_int,0.0,0.0,0.0,0.0,0.0,0.0
 ,190-8593,0.0,0.0,0.0,0.0,0.0,0.0
 ,m1047575,0.0,0.0,0.0,0.0,0.0,0.0
 ,regxfmr_190-8593,0.0,0.0,0.0,0.0,0.0,0.0
 ,area_35area_36,0.0,0.0,0.0,0.0,0.0,0.0
 ,area_36area_37,140.13000000000568,35.15,425.16000000004004,106.56000000001077,50.85,12.73000000000096
