name,element,length_unit,z_matrix_real,z_matrix_imag,length,from_bus,to_bus,num_phases,phases,is_switch,is_open,base_kv_LL
ln5860423-3,line,3,"[[0.6608697905171503, 0.13749931929573367, 0.14206645526363162], [0.13749931929573367, 0.6539991534688785, 0.13851834374542207], [0.14206645526363162, 0.13851834374542207, 0.6630065270695664]]","[[0.8699472295442794, 0.38857912659779587, 0.3661153844245816], [0.38857912659779587, 0.8785278216853145, 0.40595335548372335], [0.3661153844245816, 0.40595335548372335, 0.8673003155391138]]",0.008028039,190-8593,d5860423-3_int,3,"{'b', 'c', 'a'}",False,False,12.47
ln5860423-2,line,3,"[[0.6608697905171502, 0.13749931929573364, 0.1420664552636316], [0.13749931929573364, 0.6539991534688784, 0.13851834374542205], [0.1420664552636316, 0.13851834374542205, 0.6630065270695663]]","[[0.8699472295442793, 0.3885791265977958, 0.3661153844245815], [0.3885791265977958, 0.8785278216853144, 0.40595335548372324], [0.3661153844245815, 0.40595335548372324, 0.8673003155391136]]",0.008893423,m1047575,regxfmr_190-8593,3,"{'b', 'c', 'a'}",False,False,12.47
vreg2_a,transformer,0,"[[0.001, 0, 0], [0, 0, 0], [0, 0, 0]]","[[0.001, 0, 0], [0, 0, 0], [0, 0, 0]]",0.001,regxfmr_190-8593,190-8593,1,{'a'},False,False,12.47
vreg2_b,transformer,0,"[[0, 0, 0], [0, 0.001, 0], [0, 0, 0]]","[[0, 0, 0], [0, 0.001, 0], [0, 0, 0]]",0.001,regxfmr_190-8593,190-8593,1,{'b'},False,False,12.47
vreg2_c,transformer,0,"[[0, 0, 0], [0, 0, 0], [0, 0, 0.001]]","[[0, 0, 0], [0, 0, 0], [0, 0, 0.001]]",0.001,regxfmr_190-8593,190-8593,1,{'c'},False,False,12.47
