name,bus,P1,Q1,P2,Q2,P3,Q3
 ,hvmv69sub3_hsb,0.0,0.0,0.0,0.0,0.0,0.0
 ,hvmv11sub3_lsb,0.0,0.0,0.0,0.0,0.0,0.0
 ,regxfmr_hvmv11sub3_lsb,0.0,0.0,0.0,0.0,0.0,0.0
 ,area_12area_11,0.0,0.0,0.0,0.0,0.0,0.0
 ,area_11area_10,1228.7300000000719,426.7,1499.830000000158,484.31000000003166,1748.5200000001928,565.9200000000346
