name,bus,P1,Q1,P2,Q2,P3,Q3
 ,hvmv69sub3_hsb,0.0,0.0,0.0,0.0,0.0,0.0
 ,hvmv11sub3_lsb,0.0,0.0,0.0,0.0,0.0,0.0
 ,regxfmr_hvmv11sub3_lsb,0.0,0.0,0.0,0.0,0.0,0.0
 ,area_10area_11,0.0,0.0,0.0,0.0,0.0,0.0
 ,area_11area_12,1804.770000000656,452.45,1665.7700000008485,417.45000000021685,1117.7500000001016,280.09000000008524
