name,bus,P1,Q1,P2,Q2,P3,Q3
 ,150,0.0,0.0,0.0,0.0,0.0,0.0
 ,150r,0.0,0.0,0.0,0.0,0.0,0.0
 ,area_1area_2,1408.090000000043,747.3,950.35,570.9900000000285,1153.1,613.7100000000232
