name,bus,P1,Q1,P2,Q2,P3,Q3
 ,sourcebus,0.0,0.0,0.0,0.0,0.0,0.0
 ,hvmv115_hsb1,0.0,0.0,0.0,0.0,0.0,0.0
 ,area_1area_2,4070.840000000645,1139.1200000000424,4150.220000000956,1148.5700000001418,4015.670000000847,1134.0900000002437
