name,bus,P1,Q1,P2,Q2,P3,Q3
 ,sourcebus,0.0,0.0,0.0,0.0,0.0,0.0
 ,hvmv115_hsb1,0.0,0.0,0.0,0.0,0.0,0.0
 ,area_1area_31,1434.070000000102,359.5,1132.6100000002575,283.81000000005054,925.5300000001768,231.95
 ,area_1area_57,210.504156032282,52.75634614058056,140.40292819200891,35.20297302889478,346.5929157757092,86.86874870663685
 ,area_1area_61,32.55263362336813,8.15957116221245,28.57248290863868,7.159726538222441,51.3748834679932,12.875621504039948
 ,area_1area_88,201.4281092449282,50.51171443209703,240.1108085518616,60.15691138010863,98.46108220321018,24.68442479307156
 ,area_1area_52,763.3375202217228,191.3193341381331,728.0150483610178,182.49119042848463,533.6474314172592,133.73845958349634
 ,area_1area_40,149.42389561841748,37.46326156500028,360.30375256104304,90.31236835484744,153.57235182053947,38.47256029617353
 ,area_1area_25,52.176142877251436,13.077975101063023,73.96613101104367,18.541763037752506,98.85772611170486,24.77936887834257
