name,bus,P1,Q1,P2,Q2,P3,Q3
 ,sourcebus,0.0,0.0,0.0,0.0,0.0,0.0
 ,hvmv115_hsb1,0.0,0.0,0.0,0.0,0.0,0.0
 ,area_1area_2,4070.840000000339,1139.120000000094,4150.220000001409,1148.5700000006298,4015.670000000448,1134.090000000302
