name,bus,P1,Q1,P2,Q2,P3,Q3
 ,sourcebus,0.0,0.0,0.0,0.0,0.0,0.0
 ,hvmv115_hsb1,0.0,0.0,0.0,0.0,0.0,0.0
 ,area_1area_2,4070.8400000011757,1139.1200000000558,4150.220000001432,1148.57000000038,4015.6700000008454,1134.090000000244
