name,bus,P1,Q1,P2,Q2,P3,Q3
 ,hvmv69sub1_lsb2,0.0,0.0,0.0,0.0,0.0,0.0
 ,area_2area_3,0.0,0.0,0.0,0.0,0.0,0.0
 ,area_3area_4,4070.84000000034,1139.1200000000947,4150.220000001406,1148.5700000004147,4015.6700000004475,1134.090000000302
