name,bus,P1,Q1,P2,Q2,P3,Q3
 ,hvmv69sub1_lsb2,0.0,0.0,0.0,0.0,0.0,0.0
 ,area_2area_3,0.0,0.0,0.0,0.0,0.0,0.0
 ,area_3area_4,1037.3400000000902,259.97000000002265,984.6200000000795,246.81000000004,1149.4000000002281,288.0800000000381
 ,area_3area_6,3033.5000000009536,879.15,3165.600000001228,901.7600000003084,2866.2700000004725,846.0100000001694
