name,bus,P1,Q1,P2,Q2,P3,Q3
 ,hvmv69sub1_lsb2,0.0,0.0,0.0,0.0,0.0,0.0
 ,area_2area_3,0.0,0.0,0.0,0.0,0.0,0.0
 ,area_3area_4,1037.3400000000909,259.9700000000227,984.619999999988,246.81000000004,1149.400000000228,288.0800000000381
 ,area_3area_6,3033.5000000004766,879.15,3165.6000000008926,901.7600000000829,2866.2700000005307,846.0100000001839
