name,bus,P1,Q1,P2,Q2,P3,Q3
 ,m1089-dies1,0.0,0.0,0.0,0.0,0.0,0.0
 ,area_1area_40,0.0,0.0,0.0,0.0,0.0,0.0
 ,area_40area_39,188.0200000000396,47.140000000004264,453.3700000001315,113.64000000003367,193.24000000000615,48.41000000000322
