name,bus,P1,Q1,P2,Q2,P3,Q3
 ,d6108145-1_int,0.0,0.0,0.0,0.0,0.0,0.0
 ,m1026681,0.0,0.0,0.0,0.0,0.0,0.0
 ,l3048221,8.870000000000001,2.22,0.0,0.0,0.0,0.0
 ,d5835167-6_int,0.0,0.0,0.0,0.0,0.0,0.0
 ,l3047060,0.0,0.0,0.0,0.0,0.0,0.0
 ,area_46area_47,0.0,0.0,0.0,0.0,0.0,0.0
 ,area_47area_49,137.47000000000048,34.480000000000125,290.95,72.88000000000335,111.8800000000044,28.05
 ,area_47area_12,31.929999999999996,7.990000000000001,0.0,0.0,73.23,18.35
