name,bus,P1,Q1,P2,Q2,P3,Q3
 ,d6108145-1_int,0.0,0.0,0.0,0.0,0.0,0.0
 ,m1026681,0.0,0.0,0.0,0.0,0.0,0.0
 ,l3048221,10.134970578393855,2.536599175201167,0.0,0.3165991752011672,0.0,0.3165991752011672
 ,d5835167-6_int,0.0,0.0,0.0,0.0,0.0,0.0
 ,l3047060,0.0,0.0,0.0,0.0,0.0,0.0
 ,area_12area_47,0.0,0.0,0.0,0.0,0.0,0.0
 ,area_47area_46,0.0,0.0,0.0,0.0,0.0,0.0
 ,area_47area_49,0.0,0.0,0.0,0.0,0.0,0.0
