name,bus,P1,Q1,P2,Q2,P3,Q3
 ,d6108145-1_int,0.0,0.0,0.0,0.0,0.0,0.0
 ,m1026681,0.0,0.0,0.0,0.0,0.0,0.0
 ,l3048221,9.65069539727643,2.4153938874806844,0.0,0.19539388748068431,0.0,0.19539388748068431
 ,d5835167-6_int,0.0,0.0,0.0,0.0,0.0,0.0
 ,l3047060,0.0,0.0,0.0,0.0,0.0,0.0
 ,area_12area_47,0.0,0.0,0.0,0.0,0.0,0.0
 ,area_47area_46,0.0,0.0,0.0,0.0,0.0,0.0
 ,area_47area_49,0.0,0.0,0.0,0.0,0.0,0.0
