name,bus,P1,Q1,P2,Q2,P3,Q3
 ,e182730,0.0,0.0,0.0,0.0,0.0,0.0
 ,n1142109,0.0,0.0,0.0,0.0,0.0,0.0
 ,l2729429,9.65069539727643,2.4153938874806844,0.0,0.19539388748068431,0.0,0.19539388748068431
294787a0b,l3197647,4.330695397276428,1.0857236348101467,0.0,0.19572363481014673,0.0,0.19572363481014673
 ,m1026778,0.0,0.0,0.0,0.0,0.0,0.0
 ,area_45area_73,0.0,0.0,0.0,0.0,0.0,0.0
