name,bus,P1,Q1,P2,Q2,P3,Q3
 ,e182730,0.0,0.0,0.0,0.0,0.0,0.0
 ,n1142109,0.0,0.0,0.0,0.0,0.0,0.0
 ,l2729429,10.134970578393855,2.536599175201167,0.0,0.3165991752011672,0.0,0.3165991752011672
294787a0b,l3197647,4.814970578393853,1.2071334689494446,0.0,0.31713346894944483,0.0,0.31713346894944483
 ,m1026778,0.0,0.0,0.0,0.0,0.0,0.0
 ,area_45area_73,0.0,0.0,0.0,0.0,0.0,0.0
