name,bus,P1,Q1,P2,Q2,P3,Q3
 ,m1026chp-2,0.0,0.0,0.0,0.0,0.0,0.0
 ,m1026chp-3,0.0,0.0,0.0,0.0,0.0,0.0
 ,area_1area_31,0.0,0.0,0.0,0.0,0.0,0.0
 ,area_31area_30,1434.070000000075,359.5,1132.6100000002361,283.8100000000452,925.5300000001592,231.95
