name,bus,P1,Q1,P2,Q2,P3,Q3
area_1,area_1,0.0,0.0,0.0,0.0,0.0,0.0
area_2,area_2,359.21999999999997,179.6,82.02000000000001,41.010000000000005,323.62,161.81
area_3,area_3,281.42,155.36,274.90999999999997,190.41,200.12,125.08
area_4,area_4,203.85000000000002,125.22999999999999,172.12,91.22,173.34,82.78
area_5,area_5,422.03,216.32999999999998,341.3,208.35,356.02,194.04000000000002
area_6,area_6,141.57,70.78,80.0,40.0,100.0,50.0
area_7,area_7,0.0,0.0,0.0,0.0,0.0,0.0
